candidate_id,metric_id,metric_layer,L1_RAW_FACT,L2_DERIVED_METRIC,L3_EXPERT_SCORE_RAW,L3_CAPPED_SCORE,L4_EVIDENCE_STATUS,score_cap,capped,source_ids
P-001,M01,PRODUCT_HARDWARE,"наблюдение показателя «Показатель свежести цветов в букете, учитывающий сорт и время среза» в датированном первичном источнике","нормировано по рубрике 0/2/4/6/8/10, вес 0.12",6,4,OWNER_REPORTED,4,1,"SRC-P-001-01;SRC-P-001-02;SRC-P-001-03;SRC-P-001-04;SRC-P-001-05;SRC-P-001-06;SRC-P-001-07"
P-001,M02,SELLER_OFFER,"наблюдение показателя «Оценка уникальности и сложности флористического дизайна букета» в датированном первичном источнике","нормировано по рубрике 0/2/4/6/8/10, вес 0.13",4,4,OWNER_REPORTED,4,0,"SRC-P-001-01;SRC-P-001-02;SRC-P-001-03;SRC-P-001-04;SRC-P-001-05;SRC-P-001-06;SRC-P-001-07"
P-001,M03,SELLER_OFFER,"наблюдение показателя «Прогнозируемое время сохранения букетом товарного вида после доставки» в датированном первичном источнике","нормировано по рубрике 0/2/4/6/8/10, вес 0.10",4,4,OWNER_REPORTED,4,0,"SRC-P-001-01;SRC-P-001-02;SRC-P-001-03;SRC-P-001-04;SRC-P-001-05;SRC-P-001-06;SRC-P-001-07"
P-001,M04,SELLER_OFFER,"наблюдение показателя «Соотношение цены букета к количеству и типу использованных цветов» в датированном первичном источнике","нормировано по рубрике 0/2/4/6/8/10, вес 0.12",4,4,OWNER_REPORTED,4,0,"SRC-P-001-01;SRC-P-001-02;SRC-P-001-03;SRC-P-001-04;SRC-P-001-05;SRC-P-001-06;SRC-P-001-07"
P-001,M05,SELLER_OFFER,"наблюдение показателя «Вероятность повреждения букета при транспортировке на основе упаковки и логистики» в датированном первичном источнике","нормировано по рубрике 0/2/4/6/8/10, вес 0.04, штрафная метрика",0,0,OWNER_REPORTED,4,0,"SRC-P-001-01;SRC-P-001-02;SRC-P-001-03;SRC-P-001-04;SRC-P-001-05;SRC-P-001-06;SRC-P-001-07"
P-001,M06,SELLER_OFFER,"наблюдение показателя «Показатель доступности цветов в букете в текущий сезон, влияющий на свежесть и цену» в датированном первичном источнике","нормировано по рубрике 0/2/4/6/8/10, вес 0.10",4,4,OWNER_REPORTED,4,0,"SRC-P-001-01;SRC-P-001-02;SRC-P-001-03;SRC-P-001-04;SRC-P-001-05;SRC-P-001-06;SRC-P-001-07"
P-001,M07,SELLER_OFFER,"наблюдение показателя «Упоминания и ссылки на сторонних трастовых площадках» в датированном первичном источнике","нормировано по рубрике 0/2/4/6/8/10, вес 0.39",6,4,OWNER_REPORTED,4,1,"SRC-P-001-01;SRC-P-001-02;SRC-P-001-03;SRC-P-001-04;SRC-P-001-05;SRC-P-001-06;SRC-P-001-07"
P-002,M01,PRODUCT_HARDWARE,"наблюдение показателя «Показатель свежести цветов в букете, учитывающий сорт и время среза» в датированном первичном источнике","нормировано по рубрике 0/2/4/6/8/10, вес 0.12",6,4,OWNER_REPORTED,4,1,"SRC-P-002-01;SRC-P-002-02;SRC-P-002-03;SRC-P-002-04;SRC-P-002-05;SRC-P-002-06;SRC-P-002-07"
P-002,M02,SELLER_OFFER,"наблюдение показателя «Оценка уникальности и сложности флористического дизайна букета» в датированном первичном источнике","нормировано по рубрике 0/2/4/6/8/10, вес 0.13",4,4,OWNER_REPORTED,4,0,"SRC-P-002-01;SRC-P-002-02;SRC-P-002-03;SRC-P-002-04;SRC-P-002-05;SRC-P-002-06;SRC-P-002-07"
P-002,M03,SELLER_OFFER,"наблюдение показателя «Прогнозируемое время сохранения букетом товарного вида после доставки» в датированном первичном источнике","нормировано по рубрике 0/2/4/6/8/10, вес 0.10",4,4,OWNER_REPORTED,4,0,"SRC-P-002-01;SRC-P-002-02;SRC-P-002-03;SRC-P-002-04;SRC-P-002-05;SRC-P-002-06;SRC-P-002-07"
P-002,M04,SELLER_OFFER,"наблюдение показателя «Соотношение цены букета к количеству и типу использованных цветов» в датированном первичном источнике","нормировано по рубрике 0/2/4/6/8/10, вес 0.12",4,4,OWNER_REPORTED,4,0,"SRC-P-002-01;SRC-P-002-02;SRC-P-002-03;SRC-P-002-04;SRC-P-002-05;SRC-P-002-06;SRC-P-002-07"
P-002,M05,SELLER_OFFER,"наблюдение показателя «Вероятность повреждения букета при транспортировке на основе упаковки и логистики» в датированном первичном источнике","нормировано по рубрике 0/2/4/6/8/10, вес 0.04, штрафная метрика",0,0,OWNER_REPORTED,4,0,"SRC-P-002-01;SRC-P-002-02;SRC-P-002-03;SRC-P-002-04;SRC-P-002-05;SRC-P-002-06;SRC-P-002-07"
P-002,M06,SELLER_OFFER,"наблюдение показателя «Показатель доступности цветов в букете в текущий сезон, влияющий на свежесть и цену» в датированном первичном источнике","нормировано по рубрике 0/2/4/6/8/10, вес 0.10",4,4,OWNER_REPORTED,4,0,"SRC-P-002-01;SRC-P-002-02;SRC-P-002-03;SRC-P-002-04;SRC-P-002-05;SRC-P-002-06;SRC-P-002-07"
P-002,M07,SELLER_OFFER,"наблюдение показателя «Упоминания и ссылки на сторонних трастовых площадках» в датированном первичном источнике","нормировано по рубрике 0/2/4/6/8/10, вес 0.39",6,4,OWNER_REPORTED,4,1,"SRC-P-002-01;SRC-P-002-02;SRC-P-002-03;SRC-P-002-04;SRC-P-002-05;SRC-P-002-06;SRC-P-002-07"
P-003,M01,PRODUCT_HARDWARE,"наблюдение показателя «Показатель свежести цветов в букете, учитывающий сорт и время среза» в датированном первичном источнике","нормировано по рубрике 0/2/4/6/8/10, вес 0.12",6,4,OWNER_REPORTED,4,1,"SRC-P-003-01;SRC-P-003-02;SRC-P-003-03;SRC-P-003-04;SRC-P-003-05;SRC-P-003-06;SRC-P-003-07"
P-003,M02,SELLER_OFFER,"наблюдение показателя «Оценка уникальности и сложности флористического дизайна букета» в датированном первичном источнике","нормировано по рубрике 0/2/4/6/8/10, вес 0.13",4,4,OWNER_REPORTED,4,0,"SRC-P-003-01;SRC-P-003-02;SRC-P-003-03;SRC-P-003-04;SRC-P-003-05;SRC-P-003-06;SRC-P-003-07"
P-003,M03,SELLER_OFFER,"наблюдение показателя «Прогнозируемое время сохранения букетом товарного вида после доставки» в датированном первичном источнике","нормировано по рубрике 0/2/4/6/8/10, вес 0.10",4,4,OWNER_REPORTED,4,0,"SRC-P-003-01;SRC-P-003-02;SRC-P-003-03;SRC-P-003-04;SRC-P-003-05;SRC-P-003-06;SRC-P-003-07"
P-003,M04,SELLER_OFFER,"наблюдение показателя «Соотношение цены букета к количеству и типу использованных цветов» в датированном первичном источнике","нормировано по рубрике 0/2/4/6/8/10, вес 0.12",4,4,OWNER_REPORTED,4,0,"SRC-P-003-01;SRC-P-003-02;SRC-P-003-03;SRC-P-003-04;SRC-P-003-05;SRC-P-003-06;SRC-P-003-07"
P-003,M05,SELLER_OFFER,"наблюдение показателя «Вероятность повреждения букета при транспортировке на основе упаковки и логистики» в датированном первичном источнике","нормировано по рубрике 0/2/4/6/8/10, вес 0.04, штрафная метрика",0,0,OWNER_REPORTED,4,0,"SRC-P-003-01;SRC-P-003-02;SRC-P-003-03;SRC-P-003-04;SRC-P-003-05;SRC-P-003-06;SRC-P-003-07"
P-003,M06,SELLER_OFFER,"наблюдение показателя «Показатель доступности цветов в букете в текущий сезон, влияющий на свежесть и цену» в датированном первичном источнике","нормировано по рубрике 0/2/4/6/8/10, вес 0.10",4,4,OWNER_REPORTED,4,0,"SRC-P-003-01;SRC-P-003-02;SRC-P-003-03;SRC-P-003-04;SRC-P-003-05;SRC-P-003-06;SRC-P-003-07"
P-003,M07,SELLER_OFFER,"наблюдение показателя «Упоминания и ссылки на сторонних трастовых площадках» в датированном первичном источнике","нормировано по рубрике 0/2/4/6/8/10, вес 0.39",6,4,OWNER_REPORTED,4,1,"SRC-P-003-01;SRC-P-003-02;SRC-P-003-03;SRC-P-003-04;SRC-P-003-05;SRC-P-003-06;SRC-P-003-07"
P-004,M01,PRODUCT_HARDWARE,"наблюдение показателя «Показатель свежести цветов в букете, учитывающий сорт и время среза» в датированном первичном источнике","нормировано по рубрике 0/2/4/6/8/10, вес 0.12",6,4,OWNER_REPORTED,4,1,"SRC-P-004-01"
P-004,M02,SELLER_OFFER,"наблюдение показателя «Оценка уникальности и сложности флористического дизайна букета» в датированном первичном источнике","нормировано по рубрике 0/2/4/6/8/10, вес 0.13",4,4,OWNER_REPORTED,4,0,"SRC-P-004-01"
P-004,M03,SELLER_OFFER,"наблюдение показателя «Прогнозируемое время сохранения букетом товарного вида после доставки» в датированном первичном источнике","нормировано по рубрике 0/2/4/6/8/10, вес 0.10",4,4,OWNER_REPORTED,4,0,"SRC-P-004-01"
P-004,M04,SELLER_OFFER,"наблюдение показателя «Соотношение цены букета к количеству и типу использованных цветов» в датированном первичном источнике","нормировано по рубрике 0/2/4/6/8/10, вес 0.12",4,4,OWNER_REPORTED,4,0,"SRC-P-004-01"
P-004,M05,SELLER_OFFER,"наблюдение показателя «Вероятность повреждения букета при транспортировке на основе упаковки и логистики» в датированном первичном источнике","нормировано по рубрике 0/2/4/6/8/10, вес 0.04, штрафная метрика",0,0,OWNER_REPORTED,4,0,"SRC-P-004-01"
P-004,M06,SELLER_OFFER,"наблюдение показателя «Показатель доступности цветов в букете в текущий сезон, влияющий на свежесть и цену» в датированном первичном источнике","нормировано по рубрике 0/2/4/6/8/10, вес 0.10",4,4,OWNER_REPORTED,4,0,"SRC-P-004-01"
P-004,M07,SELLER_OFFER,"наблюдение показателя «Упоминания и ссылки на сторонних трастовых площадках» в датированном первичном источнике","нормировано по рубрике 0/2/4/6/8/10, вес 0.39",2,2,OWNER_REPORTED,4,0,"SRC-P-004-01"
P-005,M01,PRODUCT_HARDWARE,"наблюдение показателя «Показатель свежести цветов в букете, учитывающий сорт и время среза» в датированном первичном источнике","нормировано по рубрике 0/2/4/6/8/10, вес 0.12",6,4,OWNER_REPORTED,4,1,"SRC-P-005-01"
P-005,M02,SELLER_OFFER,"наблюдение показателя «Оценка уникальности и сложности флористического дизайна букета» в датированном первичном источнике","нормировано по рубрике 0/2/4/6/8/10, вес 0.13",4,4,OWNER_REPORTED,4,0,"SRC-P-005-01"
P-005,M03,SELLER_OFFER,"наблюдение показателя «Прогнозируемое время сохранения букетом товарного вида после доставки» в датированном первичном источнике","нормировано по рубрике 0/2/4/6/8/10, вес 0.10",4,4,OWNER_REPORTED,4,0,"SRC-P-005-01"
P-005,M04,SELLER_OFFER,"наблюдение показателя «Соотношение цены букета к количеству и типу использованных цветов» в датированном первичном источнике","нормировано по рубрике 0/2/4/6/8/10, вес 0.12",4,4,OWNER_REPORTED,4,0,"SRC-P-005-01"
P-005,M05,SELLER_OFFER,"наблюдение показателя «Вероятность повреждения букета при транспортировке на основе упаковки и логистики» в датированном первичном источнике","нормировано по рубрике 0/2/4/6/8/10, вес 0.04, штрафная метрика",0,0,OWNER_REPORTED,4,0,"SRC-P-005-01"
P-005,M06,SELLER_OFFER,"наблюдение показателя «Показатель доступности цветов в букете в текущий сезон, влияющий на свежесть и цену» в датированном первичном источнике","нормировано по рубрике 0/2/4/6/8/10, вес 0.10",4,4,OWNER_REPORTED,4,0,"SRC-P-005-01"
P-005,M07,SELLER_OFFER,"наблюдение показателя «Упоминания и ссылки на сторонних трастовых площадках» в датированном первичном источнике","нормировано по рубрике 0/2/4/6/8/10, вес 0.39",2,2,OWNER_REPORTED,4,0,"SRC-P-005-01"
P-006,M01,PRODUCT_HARDWARE,"наблюдение показателя «Показатель свежести цветов в букете, учитывающий сорт и время среза» в датированном первичном источнике","нормировано по рубрике 0/2/4/6/8/10, вес 0.12",2,2,OWNER_REPORTED,4,0,"SRC-P-006-01"
P-006,M02,SELLER_OFFER,"наблюдение показателя «Оценка уникальности и сложности флористического дизайна букета» в датированном первичном источнике","нормировано по рубрике 0/2/4/6/8/10, вес 0.13",2,2,OWNER_REPORTED,4,0,"SRC-P-006-01"
P-006,M03,SELLER_OFFER,"наблюдение показателя «Прогнозируемое время сохранения букетом товарного вида после доставки» в датированном первичном источнике","нормировано по рубрике 0/2/4/6/8/10, вес 0.10",2,2,OWNER_REPORTED,4,0,"SRC-P-006-01"
P-006,M04,SELLER_OFFER,"наблюдение показателя «Соотношение цены букета к количеству и типу использованных цветов» в датированном первичном источнике","нормировано по рубрике 0/2/4/6/8/10, вес 0.12",2,2,OWNER_REPORTED,4,0,"SRC-P-006-01"
P-006,M05,SELLER_OFFER,"наблюдение показателя «Вероятность повреждения букета при транспортировке на основе упаковки и логистики» в датированном первичном источнике","нормировано по рубрике 0/2/4/6/8/10, вес 0.04, штрафная метрика",6,4,OWNER_REPORTED,4,1,"SRC-P-006-01"
P-006,M06,SELLER_OFFER,"наблюдение показателя «Показатель доступности цветов в букете в текущий сезон, влияющий на свежесть и цену» в датированном первичном источнике","нормировано по рубрике 0/2/4/6/8/10, вес 0.10",2,2,OWNER_REPORTED,4,0,"SRC-P-006-01"
P-006,M07,SELLER_OFFER,"наблюдение показателя «Упоминания и ссылки на сторонних трастовых площадках» в датированном первичном источнике","нормировано по рубрике 0/2/4/6/8/10, вес 0.39",2,2,OWNER_REPORTED,4,0,"SRC-P-006-01"