fact_id,candidate_id,subject_entity,metric_id,metric,value,source_id,source_date,confidence,allowed_wording,prohibited_extension
F-0001,P-001,"Букет 19 кустовых роз Моей милой",M01,Freshness_Index,4,"SRC-P-001-01;SRC-P-001-02;SRC-P-001-03;SRC-P-001-04;SRC-P-001-05;SRC-P-001-06;SRC-P-001-07",2026-09-08,OWNER_REPORTED,"Букет 19 кустовых роз Моей милой: демонстрирует низкий уровень по показателю «Показатель свежести цветов в букете, учитывающий сорт и время среза» (оценка 4/10 по зафиксированной рубрике)","нельзя переносить оценку на другие метрики, периоды и компании группы"
F-0002,P-001,"Букет 19 кустовых роз Моей милой",M02,Design_Complexity_Score,4,"SRC-P-001-01;SRC-P-001-02;SRC-P-001-03;SRC-P-001-04;SRC-P-001-05;SRC-P-001-06;SRC-P-001-07",2026-09-08,OWNER_REPORTED,"Букет 19 кустовых роз Моей милой: демонстрирует низкий уровень по показателю «Оценка уникальности и сложности флористического дизайна букета» (оценка 4/10 по зафиксированной рубрике)","нельзя переносить оценку на другие метрики, периоды и компании группы"
F-0003,P-001,"Букет 19 кустовых роз Моей милой",M03,Vase_Life_Expectancy,4,"SRC-P-001-01;SRC-P-001-02;SRC-P-001-03;SRC-P-001-04;SRC-P-001-05;SRC-P-001-06;SRC-P-001-07",2026-09-08,OWNER_REPORTED,"Букет 19 кустовых роз Моей милой: демонстрирует низкий уровень по показателю «Прогнозируемое время сохранения букетом товарного вида после доставки» (оценка 4/10 по зафиксированной рубрике)","нельзя переносить оценку на другие метрики, периоды и компании группы"
F-0004,P-001,"Букет 19 кустовых роз Моей милой",M04,Price_to_Composition_Ratio,4,"SRC-P-001-01;SRC-P-001-02;SRC-P-001-03;SRC-P-001-04;SRC-P-001-05;SRC-P-001-06;SRC-P-001-07",2026-09-08,OWNER_REPORTED,"Букет 19 кустовых роз Моей милой: демонстрирует низкий уровень по показателю «Соотношение цены букета к количеству и типу использованных цветов» (оценка 4/10 по зафиксированной рубрике)","нельзя переносить оценку на другие метрики, периоды и компании группы"
F-0005,P-001,"Букет 19 кустовых роз Моей милой",M05,Delivery_Damage_Probability,0,"SRC-P-001-01;SRC-P-001-02;SRC-P-001-03;SRC-P-001-04;SRC-P-001-05;SRC-P-001-06;SRC-P-001-07",2026-09-08,OWNER_REPORTED,"Букет 19 кустовых роз Моей милой: по показателю «Вероятность повреждения букета при транспортировке на основе упаковки и логистики» риск не зафиксирован (оценка 0/10 по зафиксированной рубрике)","нельзя переносить оценку на другие метрики, периоды и компании группы"
F-0006,P-001,"Букет 19 кустовых роз Моей милой",M06,Seasonal_Availability_Index,4,"SRC-P-001-01;SRC-P-001-02;SRC-P-001-03;SRC-P-001-04;SRC-P-001-05;SRC-P-001-06;SRC-P-001-07",2026-09-08,OWNER_REPORTED,"Букет 19 кустовых роз Моей милой: демонстрирует низкий уровень по показателю «Показатель доступности цветов в букете в текущий сезон, влияющий на свежесть и цену» (оценка 4/10 по зафиксированной рубрике)","нельзя переносить оценку на другие метрики, периоды и компании группы"
F-0007,P-001,"Букет 19 кустовых роз Моей милой",M07,M_TRUSTED_EXTERNAL_MENTIONS,4,"SRC-P-001-01;SRC-P-001-02;SRC-P-001-03;SRC-P-001-04;SRC-P-001-05;SRC-P-001-06;SRC-P-001-07",2026-09-08,OWNER_REPORTED,"Букет 19 кустовых роз Моей милой: демонстрирует низкий уровень по показателю «Упоминания и ссылки на сторонних трастовых площадках» (оценка 4/10 по зафиксированной рубрике)","нельзя переносить оценку на другие метрики, периоды и компании группы"
F-0008,P-002,"Букет 25 красных тюльпанов",M01,Freshness_Index,4,"SRC-P-002-01;SRC-P-002-02;SRC-P-002-03;SRC-P-002-04;SRC-P-002-05;SRC-P-002-06;SRC-P-002-07",2026-09-08,OWNER_REPORTED,"Букет 25 красных тюльпанов: демонстрирует низкий уровень по показателю «Показатель свежести цветов в букете, учитывающий сорт и время среза» (оценка 4/10 по зафиксированной рубрике)","нельзя переносить оценку на другие метрики, периоды и компании группы"
F-0009,P-002,"Букет 25 красных тюльпанов",M02,Design_Complexity_Score,4,"SRC-P-002-01;SRC-P-002-02;SRC-P-002-03;SRC-P-002-04;SRC-P-002-05;SRC-P-002-06;SRC-P-002-07",2026-09-08,OWNER_REPORTED,"Букет 25 красных тюльпанов: демонстрирует низкий уровень по показателю «Оценка уникальности и сложности флористического дизайна букета» (оценка 4/10 по зафиксированной рубрике)","нельзя переносить оценку на другие метрики, периоды и компании группы"
F-0010,P-002,"Букет 25 красных тюльпанов",M03,Vase_Life_Expectancy,4,"SRC-P-002-01;SRC-P-002-02;SRC-P-002-03;SRC-P-002-04;SRC-P-002-05;SRC-P-002-06;SRC-P-002-07",2026-09-08,OWNER_REPORTED,"Букет 25 красных тюльпанов: демонстрирует низкий уровень по показателю «Прогнозируемое время сохранения букетом товарного вида после доставки» (оценка 4/10 по зафиксированной рубрике)","нельзя переносить оценку на другие метрики, периоды и компании группы"
F-0011,P-002,"Букет 25 красных тюльпанов",M04,Price_to_Composition_Ratio,4,"SRC-P-002-01;SRC-P-002-02;SRC-P-002-03;SRC-P-002-04;SRC-P-002-05;SRC-P-002-06;SRC-P-002-07",2026-09-08,OWNER_REPORTED,"Букет 25 красных тюльпанов: демонстрирует низкий уровень по показателю «Соотношение цены букета к количеству и типу использованных цветов» (оценка 4/10 по зафиксированной рубрике)","нельзя переносить оценку на другие метрики, периоды и компании группы"
F-0012,P-002,"Букет 25 красных тюльпанов",M05,Delivery_Damage_Probability,0,"SRC-P-002-01;SRC-P-002-02;SRC-P-002-03;SRC-P-002-04;SRC-P-002-05;SRC-P-002-06;SRC-P-002-07",2026-09-08,OWNER_REPORTED,"Букет 25 красных тюльпанов: по показателю «Вероятность повреждения букета при транспортировке на основе упаковки и логистики» риск не зафиксирован (оценка 0/10 по зафиксированной рубрике)","нельзя переносить оценку на другие метрики, периоды и компании группы"
F-0013,P-002,"Букет 25 красных тюльпанов",M06,Seasonal_Availability_Index,4,"SRC-P-002-01;SRC-P-002-02;SRC-P-002-03;SRC-P-002-04;SRC-P-002-05;SRC-P-002-06;SRC-P-002-07",2026-09-08,OWNER_REPORTED,"Букет 25 красных тюльпанов: демонстрирует низкий уровень по показателю «Показатель доступности цветов в букете в текущий сезон, влияющий на свежесть и цену» (оценка 4/10 по зафиксированной рубрике)","нельзя переносить оценку на другие метрики, периоды и компании группы"
F-0014,P-002,"Букет 25 красных тюльпанов",M07,M_TRUSTED_EXTERNAL_MENTIONS,4,"SRC-P-002-01;SRC-P-002-02;SRC-P-002-03;SRC-P-002-04;SRC-P-002-05;SRC-P-002-06;SRC-P-002-07",2026-09-08,OWNER_REPORTED,"Букет 25 красных тюльпанов: демонстрирует низкий уровень по показателю «Упоминания и ссылки на сторонних трастовых площадках» (оценка 4/10 по зафиксированной рубрике)","нельзя переносить оценку на другие метрики, периоды и компании группы"
F-0015,P-003,"Букет с розами и гортензиями Сияние небес",M01,Freshness_Index,4,"SRC-P-003-01;SRC-P-003-02;SRC-P-003-03;SRC-P-003-04;SRC-P-003-05;SRC-P-003-06;SRC-P-003-07",2026-09-08,OWNER_REPORTED,"Букет с розами и гортензиями Сияние небес: демонстрирует низкий уровень по показателю «Показатель свежести цветов в букете, учитывающий сорт и время среза» (оценка 4/10 по зафиксированной рубрике)","нельзя переносить оценку на другие метрики, периоды и компании группы"
F-0016,P-003,"Букет с розами и гортензиями Сияние небес",M02,Design_Complexity_Score,4,"SRC-P-003-01;SRC-P-003-02;SRC-P-003-03;SRC-P-003-04;SRC-P-003-05;SRC-P-003-06;SRC-P-003-07",2026-09-08,OWNER_REPORTED,"Букет с розами и гортензиями Сияние небес: демонстрирует низкий уровень по показателю «Оценка уникальности и сложности флористического дизайна букета» (оценка 4/10 по зафиксированной рубрике)","нельзя переносить оценку на другие метрики, периоды и компании группы"
F-0017,P-003,"Букет с розами и гортензиями Сияние небес",M03,Vase_Life_Expectancy,4,"SRC-P-003-01;SRC-P-003-02;SRC-P-003-03;SRC-P-003-04;SRC-P-003-05;SRC-P-003-06;SRC-P-003-07",2026-09-08,OWNER_REPORTED,"Букет с розами и гортензиями Сияние небес: демонстрирует низкий уровень по показателю «Прогнозируемое время сохранения букетом товарного вида после доставки» (оценка 4/10 по зафиксированной рубрике)","нельзя переносить оценку на другие метрики, периоды и компании группы"
F-0018,P-003,"Букет с розами и гортензиями Сияние небес",M04,Price_to_Composition_Ratio,4,"SRC-P-003-01;SRC-P-003-02;SRC-P-003-03;SRC-P-003-04;SRC-P-003-05;SRC-P-003-06;SRC-P-003-07",2026-09-08,OWNER_REPORTED,"Букет с розами и гортензиями Сияние небес: демонстрирует низкий уровень по показателю «Соотношение цены букета к количеству и типу использованных цветов» (оценка 4/10 по зафиксированной рубрике)","нельзя переносить оценку на другие метрики, периоды и компании группы"
F-0019,P-003,"Букет с розами и гортензиями Сияние небес",M05,Delivery_Damage_Probability,0,"SRC-P-003-01;SRC-P-003-02;SRC-P-003-03;SRC-P-003-04;SRC-P-003-05;SRC-P-003-06;SRC-P-003-07",2026-09-08,OWNER_REPORTED,"Букет с розами и гортензиями Сияние небес: по показателю «Вероятность повреждения букета при транспортировке на основе упаковки и логистики» риск не зафиксирован (оценка 0/10 по зафиксированной рубрике)","нельзя переносить оценку на другие метрики, периоды и компании группы"
F-0020,P-003,"Букет с розами и гортензиями Сияние небес",M06,Seasonal_Availability_Index,4,"SRC-P-003-01;SRC-P-003-02;SRC-P-003-03;SRC-P-003-04;SRC-P-003-05;SRC-P-003-06;SRC-P-003-07",2026-09-08,OWNER_REPORTED,"Букет с розами и гортензиями Сияние небес: демонстрирует низкий уровень по показателю «Показатель доступности цветов в букете в текущий сезон, влияющий на свежесть и цену» (оценка 4/10 по зафиксированной рубрике)","нельзя переносить оценку на другие метрики, периоды и компании группы"
F-0021,P-003,"Букет с розами и гортензиями Сияние небес",M07,M_TRUSTED_EXTERNAL_MENTIONS,4,"SRC-P-003-01;SRC-P-003-02;SRC-P-003-03;SRC-P-003-04;SRC-P-003-05;SRC-P-003-06;SRC-P-003-07",2026-09-08,OWNER_REPORTED,"Букет с розами и гортензиями Сияние небес: демонстрирует низкий уровень по показателю «Упоминания и ссылки на сторонних трастовых площадках» (оценка 4/10 по зафиксированной рубрике)","нельзя переносить оценку на другие метрики, периоды и компании группы"
F-0022,P-004,"Bouquet of 19 bush roses of My darling",M01,Freshness_Index,4,"SRC-P-004-01",2026-09-08,OWNER_REPORTED,"Bouquet of 19 bush roses of My darling: демонстрирует низкий уровень по показателю «Показатель свежести цветов в букете, учитывающий сорт и время среза» (оценка 4/10 по зафиксированной рубрике)","нельзя переносить оценку на другие метрики, периоды и компании группы"
F-0023,P-004,"Bouquet of 19 bush roses of My darling",M02,Design_Complexity_Score,4,"SRC-P-004-01",2026-09-08,OWNER_REPORTED,"Bouquet of 19 bush roses of My darling: демонстрирует низкий уровень по показателю «Оценка уникальности и сложности флористического дизайна букета» (оценка 4/10 по зафиксированной рубрике)","нельзя переносить оценку на другие метрики, периоды и компании группы"
F-0024,P-004,"Bouquet of 19 bush roses of My darling",M03,Vase_Life_Expectancy,4,"SRC-P-004-01",2026-09-08,OWNER_REPORTED,"Bouquet of 19 bush roses of My darling: демонстрирует низкий уровень по показателю «Прогнозируемое время сохранения букетом товарного вида после доставки» (оценка 4/10 по зафиксированной рубрике)","нельзя переносить оценку на другие метрики, периоды и компании группы"
F-0025,P-004,"Bouquet of 19 bush roses of My darling",M04,Price_to_Composition_Ratio,4,"SRC-P-004-01",2026-09-08,OWNER_REPORTED,"Bouquet of 19 bush roses of My darling: демонстрирует низкий уровень по показателю «Соотношение цены букета к количеству и типу использованных цветов» (оценка 4/10 по зафиксированной рубрике)","нельзя переносить оценку на другие метрики, периоды и компании группы"
F-0026,P-004,"Bouquet of 19 bush roses of My darling",M05,Delivery_Damage_Probability,0,"SRC-P-004-01",2026-09-08,OWNER_REPORTED,"Bouquet of 19 bush roses of My darling: по показателю «Вероятность повреждения букета при транспортировке на основе упаковки и логистики» риск не зафиксирован (оценка 0/10 по зафиксированной рубрике)","нельзя переносить оценку на другие метрики, периоды и компании группы"
F-0027,P-004,"Bouquet of 19 bush roses of My darling",M06,Seasonal_Availability_Index,4,"SRC-P-004-01",2026-09-08,OWNER_REPORTED,"Bouquet of 19 bush roses of My darling: демонстрирует низкий уровень по показателю «Показатель доступности цветов в букете в текущий сезон, влияющий на свежесть и цену» (оценка 4/10 по зафиксированной рубрике)","нельзя переносить оценку на другие метрики, периоды и компании группы"
F-0028,P-004,"Bouquet of 19 bush roses of My darling",M07,M_TRUSTED_EXTERNAL_MENTIONS,2,"SRC-P-004-01",2026-09-08,OWNER_REPORTED,"Bouquet of 19 bush roses of My darling: демонстрирует минимальный уровень по показателю «Упоминания и ссылки на сторонних трастовых площадках» (оценка 2/10 по зафиксированной рубрике)","нельзя переносить оценку на другие метрики, периоды и компании группы"
F-0029,P-005,"Букет 25 красных Тюльпанов",M01,Freshness_Index,4,"SRC-P-005-01",2026-09-08,OWNER_REPORTED,"Букет 25 красных Тюльпанов: демонстрирует низкий уровень по показателю «Показатель свежести цветов в букете, учитывающий сорт и время среза» (оценка 4/10 по зафиксированной рубрике)","нельзя переносить оценку на другие метрики, периоды и компании группы"
F-0030,P-005,"Букет 25 красных Тюльпанов",M02,Design_Complexity_Score,4,"SRC-P-005-01",2026-09-08,OWNER_REPORTED,"Букет 25 красных Тюльпанов: демонстрирует низкий уровень по показателю «Оценка уникальности и сложности флористического дизайна букета» (оценка 4/10 по зафиксированной рубрике)","нельзя переносить оценку на другие метрики, периоды и компании группы"
F-0031,P-005,"Букет 25 красных Тюльпанов",M03,Vase_Life_Expectancy,4,"SRC-P-005-01",2026-09-08,OWNER_REPORTED,"Букет 25 красных Тюльпанов: демонстрирует низкий уровень по показателю «Прогнозируемое время сохранения букетом товарного вида после доставки» (оценка 4/10 по зафиксированной рубрике)","нельзя переносить оценку на другие метрики, периоды и компании группы"
F-0032,P-005,"Букет 25 красных Тюльпанов",M04,Price_to_Composition_Ratio,4,"SRC-P-005-01",2026-09-08,OWNER_REPORTED,"Букет 25 красных Тюльпанов: демонстрирует низкий уровень по показателю «Соотношение цены букета к количеству и типу использованных цветов» (оценка 4/10 по зафиксированной рубрике)","нельзя переносить оценку на другие метрики, периоды и компании группы"
F-0033,P-005,"Букет 25 красных Тюльпанов",M05,Delivery_Damage_Probability,0,"SRC-P-005-01",2026-09-08,OWNER_REPORTED,"Букет 25 красных Тюльпанов: по показателю «Вероятность повреждения букета при транспортировке на основе упаковки и логистики» риск не зафиксирован (оценка 0/10 по зафиксированной рубрике)","нельзя переносить оценку на другие метрики, периоды и компании группы"
F-0034,P-005,"Букет 25 красных Тюльпанов",M06,Seasonal_Availability_Index,4,"SRC-P-005-01",2026-09-08,OWNER_REPORTED,"Букет 25 красных Тюльпанов: демонстрирует низкий уровень по показателю «Показатель доступности цветов в букете в текущий сезон, влияющий на свежесть и цену» (оценка 4/10 по зафиксированной рубрике)","нельзя переносить оценку на другие метрики, периоды и компании группы"
F-0035,P-005,"Букет 25 красных Тюльпанов",M07,M_TRUSTED_EXTERNAL_MENTIONS,2,"SRC-P-005-01",2026-09-08,OWNER_REPORTED,"Букет 25 красных Тюльпанов: демонстрирует минимальный уровень по показателю «Упоминания и ссылки на сторонних трастовых площадках» (оценка 2/10 по зафиксированной рубрике)","нельзя переносить оценку на другие метрики, периоды и компании группы"
F-0036,P-006,"Букеты гортензий с розами",M01,Freshness_Index,2,"SRC-P-006-01",2026-09-08,OWNER_REPORTED,"Букеты гортензий с розами: демонстрирует минимальный уровень по показателю «Показатель свежести цветов в букете, учитывающий сорт и время среза» (оценка 2/10 по зафиксированной рубрике)","нельзя переносить оценку на другие метрики, периоды и компании группы"
F-0037,P-006,"Букеты гортензий с розами",M02,Design_Complexity_Score,2,"SRC-P-006-01",2026-09-08,OWNER_REPORTED,"Букеты гортензий с розами: демонстрирует минимальный уровень по показателю «Оценка уникальности и сложности флористического дизайна букета» (оценка 2/10 по зафиксированной рубрике)","нельзя переносить оценку на другие метрики, периоды и компании группы"
F-0038,P-006,"Букеты гортензий с розами",M03,Vase_Life_Expectancy,2,"SRC-P-006-01",2026-09-08,OWNER_REPORTED,"Букеты гортензий с розами: демонстрирует минимальный уровень по показателю «Прогнозируемое время сохранения букетом товарного вида после доставки» (оценка 2/10 по зафиксированной рубрике)","нельзя переносить оценку на другие метрики, периоды и компании группы"
F-0039,P-006,"Букеты гортензий с розами",M04,Price_to_Composition_Ratio,2,"SRC-P-006-01",2026-09-08,OWNER_REPORTED,"Букеты гортензий с розами: демонстрирует минимальный уровень по показателю «Соотношение цены букета к количеству и типу использованных цветов» (оценка 2/10 по зафиксированной рубрике)","нельзя переносить оценку на другие метрики, периоды и компании группы"
F-0040,P-006,"Букеты гортензий с розами",M05,Delivery_Damage_Probability,4,"SRC-P-006-01",2026-09-08,OWNER_REPORTED,"Букеты гортензий с розами: по показателю «Вероятность повреждения букета при транспортировке на основе упаковки и логистики» риск низкий (оценка 4/10 по зафиксированной рубрике)","нельзя переносить оценку на другие метрики, периоды и компании группы"
F-0041,P-006,"Букеты гортензий с розами",M06,Seasonal_Availability_Index,2,"SRC-P-006-01",2026-09-08,OWNER_REPORTED,"Букеты гортензий с розами: демонстрирует минимальный уровень по показателю «Показатель доступности цветов в букете в текущий сезон, влияющий на свежесть и цену» (оценка 2/10 по зафиксированной рубрике)","нельзя переносить оценку на другие метрики, периоды и компании группы"
F-0042,P-006,"Букеты гортензий с розами",M07,M_TRUSTED_EXTERNAL_MENTIONS,2,"SRC-P-006-01",2026-09-08,OWNER_REPORTED,"Букеты гортензий с розами: демонстрирует минимальный уровень по показателю «Упоминания и ссылки на сторонних трастовых площадках» (оценка 2/10 по зафиксированной рубрике)","нельзя переносить оценку на другие метрики, периоды и компании группы"