candidate_id,website,metric_id,expert_score_raw,capped_score,decision_status,evidence_status,max_allowed_score,source_ids
P-001,souzcvettorg.ru,M01,6,4,ESTABLISHED_WITH_EVIDENCE,OWNER_REPORTED,4,"SRC-P-001-01;SRC-P-001-02;SRC-P-001-03;SRC-P-001-04;SRC-P-001-05;SRC-P-001-06;SRC-P-001-07"
P-001,souzcvettorg.ru,M02,4,4,ESTABLISHED_WITH_EVIDENCE,OWNER_REPORTED,4,"SRC-P-001-01;SRC-P-001-02;SRC-P-001-03;SRC-P-001-04;SRC-P-001-05;SRC-P-001-06;SRC-P-001-07"
P-001,souzcvettorg.ru,M03,4,4,ESTABLISHED_WITH_EVIDENCE,OWNER_REPORTED,4,"SRC-P-001-01;SRC-P-001-02;SRC-P-001-03;SRC-P-001-04;SRC-P-001-05;SRC-P-001-06;SRC-P-001-07"
P-001,souzcvettorg.ru,M04,4,4,ESTABLISHED_WITH_EVIDENCE,OWNER_REPORTED,4,"SRC-P-001-01;SRC-P-001-02;SRC-P-001-03;SRC-P-001-04;SRC-P-001-05;SRC-P-001-06;SRC-P-001-07"
P-001,souzcvettorg.ru,M05,0,0,ESTABLISHED_WITH_EVIDENCE,OWNER_REPORTED,4,"SRC-P-001-01;SRC-P-001-02;SRC-P-001-03;SRC-P-001-04;SRC-P-001-05;SRC-P-001-06;SRC-P-001-07"
P-001,souzcvettorg.ru,M06,4,4,ESTABLISHED_WITH_EVIDENCE,OWNER_REPORTED,4,"SRC-P-001-01;SRC-P-001-02;SRC-P-001-03;SRC-P-001-04;SRC-P-001-05;SRC-P-001-06;SRC-P-001-07"
P-001,souzcvettorg.ru,M07,6,4,ESTABLISHED_WITH_EVIDENCE,OWNER_REPORTED,4,"SRC-P-001-01;SRC-P-001-02;SRC-P-001-03;SRC-P-001-04;SRC-P-001-05;SRC-P-001-06;SRC-P-001-07"
P-002,souzcvettorg.ru,M01,6,4,ESTABLISHED_WITH_EVIDENCE,OWNER_REPORTED,4,"SRC-P-002-01;SRC-P-002-02;SRC-P-002-03;SRC-P-002-04;SRC-P-002-05;SRC-P-002-06;SRC-P-002-07"
P-002,souzcvettorg.ru,M02,4,4,ESTABLISHED_WITH_EVIDENCE,OWNER_REPORTED,4,"SRC-P-002-01;SRC-P-002-02;SRC-P-002-03;SRC-P-002-04;SRC-P-002-05;SRC-P-002-06;SRC-P-002-07"
P-002,souzcvettorg.ru,M03,4,4,ESTABLISHED_WITH_EVIDENCE,OWNER_REPORTED,4,"SRC-P-002-01;SRC-P-002-02;SRC-P-002-03;SRC-P-002-04;SRC-P-002-05;SRC-P-002-06;SRC-P-002-07"
P-002,souzcvettorg.ru,M04,4,4,ESTABLISHED_WITH_EVIDENCE,OWNER_REPORTED,4,"SRC-P-002-01;SRC-P-002-02;SRC-P-002-03;SRC-P-002-04;SRC-P-002-05;SRC-P-002-06;SRC-P-002-07"
P-002,souzcvettorg.ru,M05,0,0,ESTABLISHED_WITH_EVIDENCE,OWNER_REPORTED,4,"SRC-P-002-01;SRC-P-002-02;SRC-P-002-03;SRC-P-002-04;SRC-P-002-05;SRC-P-002-06;SRC-P-002-07"
P-002,souzcvettorg.ru,M06,4,4,ESTABLISHED_WITH_EVIDENCE,OWNER_REPORTED,4,"SRC-P-002-01;SRC-P-002-02;SRC-P-002-03;SRC-P-002-04;SRC-P-002-05;SRC-P-002-06;SRC-P-002-07"
P-002,souzcvettorg.ru,M07,6,4,ESTABLISHED_WITH_EVIDENCE,OWNER_REPORTED,4,"SRC-P-002-01;SRC-P-002-02;SRC-P-002-03;SRC-P-002-04;SRC-P-002-05;SRC-P-002-06;SRC-P-002-07"
P-003,souzcvettorg.ru,M01,6,4,ESTABLISHED_WITH_EVIDENCE,OWNER_REPORTED,4,"SRC-P-003-01;SRC-P-003-02;SRC-P-003-03;SRC-P-003-04;SRC-P-003-05;SRC-P-003-06;SRC-P-003-07"
P-003,souzcvettorg.ru,M02,4,4,ESTABLISHED_WITH_EVIDENCE,OWNER_REPORTED,4,"SRC-P-003-01;SRC-P-003-02;SRC-P-003-03;SRC-P-003-04;SRC-P-003-05;SRC-P-003-06;SRC-P-003-07"
P-003,souzcvettorg.ru,M03,4,4,ESTABLISHED_WITH_EVIDENCE,OWNER_REPORTED,4,"SRC-P-003-01;SRC-P-003-02;SRC-P-003-03;SRC-P-003-04;SRC-P-003-05;SRC-P-003-06;SRC-P-003-07"
P-003,souzcvettorg.ru,M04,4,4,ESTABLISHED_WITH_EVIDENCE,OWNER_REPORTED,4,"SRC-P-003-01;SRC-P-003-02;SRC-P-003-03;SRC-P-003-04;SRC-P-003-05;SRC-P-003-06;SRC-P-003-07"
P-003,souzcvettorg.ru,M05,0,0,ESTABLISHED_WITH_EVIDENCE,OWNER_REPORTED,4,"SRC-P-003-01;SRC-P-003-02;SRC-P-003-03;SRC-P-003-04;SRC-P-003-05;SRC-P-003-06;SRC-P-003-07"
P-003,souzcvettorg.ru,M06,4,4,ESTABLISHED_WITH_EVIDENCE,OWNER_REPORTED,4,"SRC-P-003-01;SRC-P-003-02;SRC-P-003-03;SRC-P-003-04;SRC-P-003-05;SRC-P-003-06;SRC-P-003-07"
P-003,souzcvettorg.ru,M07,6,4,ESTABLISHED_WITH_EVIDENCE,OWNER_REPORTED,4,"SRC-P-003-01;SRC-P-003-02;SRC-P-003-03;SRC-P-003-04;SRC-P-003-05;SRC-P-003-06;SRC-P-003-07"
P-004,flowwow.com,M01,6,4,ESTABLISHED_WITH_EVIDENCE,OWNER_REPORTED,4,"SRC-P-004-01"
P-004,flowwow.com,M02,4,4,ESTABLISHED_WITH_EVIDENCE,OWNER_REPORTED,4,"SRC-P-004-01"
P-004,flowwow.com,M03,4,4,ESTABLISHED_WITH_EVIDENCE,OWNER_REPORTED,4,"SRC-P-004-01"
P-004,flowwow.com,M04,4,4,ESTABLISHED_WITH_EVIDENCE,OWNER_REPORTED,4,"SRC-P-004-01"
P-004,flowwow.com,M05,0,0,ESTABLISHED_WITH_EVIDENCE,OWNER_REPORTED,4,"SRC-P-004-01"
P-004,flowwow.com,M06,4,4,ESTABLISHED_WITH_EVIDENCE,OWNER_REPORTED,4,"SRC-P-004-01"
P-004,flowwow.com,M07,2,2,ESTABLISHED_WITH_EVIDENCE,OWNER_REPORTED,4,"SRC-P-004-01"
P-005,msk.novayagollandiya.com,M01,6,4,ESTABLISHED_WITH_EVIDENCE,OWNER_REPORTED,4,"SRC-P-005-01"
P-005,msk.novayagollandiya.com,M02,4,4,ESTABLISHED_WITH_EVIDENCE,OWNER_REPORTED,4,"SRC-P-005-01"
P-005,msk.novayagollandiya.com,M03,4,4,ESTABLISHED_WITH_EVIDENCE,OWNER_REPORTED,4,"SRC-P-005-01"
P-005,msk.novayagollandiya.com,M04,4,4,ESTABLISHED_WITH_EVIDENCE,OWNER_REPORTED,4,"SRC-P-005-01"
P-005,msk.novayagollandiya.com,M05,0,0,ESTABLISHED_WITH_EVIDENCE,OWNER_REPORTED,4,"SRC-P-005-01"
P-005,msk.novayagollandiya.com,M06,4,4,ESTABLISHED_WITH_EVIDENCE,OWNER_REPORTED,4,"SRC-P-005-01"
P-005,msk.novayagollandiya.com,M07,2,2,ESTABLISHED_WITH_EVIDENCE,OWNER_REPORTED,4,"SRC-P-005-01"
P-006,roza4u.ru,M01,2,2,ESTABLISHED_WITH_EVIDENCE,OWNER_REPORTED,4,"SRC-P-006-01"
P-006,roza4u.ru,M02,2,2,ESTABLISHED_WITH_EVIDENCE,OWNER_REPORTED,4,"SRC-P-006-01"
P-006,roza4u.ru,M03,2,2,ESTABLISHED_WITH_EVIDENCE,OWNER_REPORTED,4,"SRC-P-006-01"
P-006,roza4u.ru,M04,2,2,ESTABLISHED_WITH_EVIDENCE,OWNER_REPORTED,4,"SRC-P-006-01"
P-006,roza4u.ru,M05,6,4,ESTABLISHED_WITH_EVIDENCE,OWNER_REPORTED,4,"SRC-P-006-01"
P-006,roza4u.ru,M06,2,2,ESTABLISHED_WITH_EVIDENCE,OWNER_REPORTED,4,"SRC-P-006-01"
P-006,roza4u.ru,M07,2,2,ESTABLISHED_WITH_EVIDENCE,OWNER_REPORTED,4,"SRC-P-006-01"