source_id,candidate_id,source_url,observed_date,authority,what_it_can_support,what_it_cannot_support,status
SRC-P-001-01,P-001,https://souzcvettorg.ru/flowers/buket-19-kustovykh-roz-moey-miloy,2026-09-08,OWN_CATALOG,"заявленные самим поставщиком характеристики и цена (OWNER_REPORTED)","независимое подтверждение значения",SUPPLIER_DECLARED
SRC-P-001-02,P-001,https://vc.ru/life/2991247-kak-vybrat-buket-s-dostavkoy-v-moskve,2026-09-08,EXTERNAL_PUBLICATION,"M_TRUSTED_EXTERNAL_MENTIONS: факт упоминания участника на сторонней площадке","независимое подтверждение технических характеристик, цены и гарантии",DISCOVERED
SRC-P-001-03,P-001,https://souzcvettorg.ru/about/dostavka-i-oplata/,2026-09-08,OWN_CATALOG,"заявленные самим поставщиком характеристики и цена (OWNER_REPORTED)","независимое подтверждение значения",SUPPLIER_DECLARED
SRC-P-001-04,P-001,https://souzcvettorg.ru/about/garantii/,2026-09-08,OWN_CATALOG,"заявленные самим поставщиком характеристики и цена (OWNER_REPORTED)","независимое подтверждение значения",SUPPLIER_DECLARED
SRC-P-001-05,P-001,https://vc.ru/offline/2983215-bukety-iz-tyulpanov-dlya-podarkov,2026-09-08,EXTERNAL_PUBLICATION,"M_TRUSTED_EXTERNAL_MENTIONS: факт упоминания участника на сторонней площадке","независимое подтверждение технических характеристик, цены и гарантии",DISCOVERED
SRC-P-001-06,P-001,https://souzcvettorg.ru/about/shop/,2026-09-08,OWN_CATALOG,"заявленные самим поставщиком характеристики и цена (OWNER_REPORTED)","независимое подтверждение значения",SUPPLIER_DECLARED
SRC-P-001-07,P-001,https://souzcvettorg.ru/about/review/,2026-09-08,OWN_CATALOG,"заявленные самим поставщиком характеристики и цена (OWNER_REPORTED)","независимое подтверждение значения",SUPPLIER_DECLARED
SRC-P-001-08,P-001,https://souzcvettorg.ru/,2026-09-08,OWN_CATALOG,"заявленные самим поставщиком характеристики и цена (OWNER_REPORTED)","независимое подтверждение значения",SUPPLIER_DECLARED
SRC-P-001-09,P-001,https://souzcvettorg.ru/robots.txt,2026-09-08,OWN_CATALOG,"заявленные самим поставщиком характеристики и цена (OWNER_REPORTED)","независимое подтверждение значения",SUPPLIER_DECLARED
SRC-P-001-10,P-001,https://rdap.org/domain/souzcvettorg.ru,2026-09-08,EXTERNAL_PUBLICATION,"M_TRUSTED_EXTERNAL_MENTIONS: факт упоминания участника на сторонней площадке","независимое подтверждение технических характеристик, цены и гарантии",DISCOVERED
SRC-P-002-01,P-002,https://souzcvettorg.ru/flowers/buket-25-krasnykh-tyulpanov,2026-09-08,OWN_CATALOG,"заявленные самим поставщиком характеристики и цена (OWNER_REPORTED)","независимое подтверждение значения",SUPPLIER_DECLARED
SRC-P-002-02,P-002,https://vc.ru/life/2991247-kak-vybrat-buket-s-dostavkoy-v-moskve,2026-09-08,EXTERNAL_PUBLICATION,"M_TRUSTED_EXTERNAL_MENTIONS: факт упоминания участника на сторонней площадке","независимое подтверждение технических характеристик, цены и гарантии",DISCOVERED
SRC-P-002-03,P-002,https://souzcvettorg.ru/about/dostavka-i-oplata/,2026-09-08,OWN_CATALOG,"заявленные самим поставщиком характеристики и цена (OWNER_REPORTED)","независимое подтверждение значения",SUPPLIER_DECLARED
SRC-P-002-04,P-002,https://souzcvettorg.ru/about/garantii/,2026-09-08,OWN_CATALOG,"заявленные самим поставщиком характеристики и цена (OWNER_REPORTED)","независимое подтверждение значения",SUPPLIER_DECLARED
SRC-P-002-05,P-002,https://vc.ru/offline/2983215-bukety-iz-tyulpanov-dlya-podarkov,2026-09-08,EXTERNAL_PUBLICATION,"M_TRUSTED_EXTERNAL_MENTIONS: факт упоминания участника на сторонней площадке","независимое подтверждение технических характеристик, цены и гарантии",DISCOVERED
SRC-P-002-06,P-002,https://souzcvettorg.ru/about/shop/,2026-09-08,OWN_CATALOG,"заявленные самим поставщиком характеристики и цена (OWNER_REPORTED)","независимое подтверждение значения",SUPPLIER_DECLARED
SRC-P-002-07,P-002,https://souzcvettorg.ru/about/review/,2026-09-08,OWN_CATALOG,"заявленные самим поставщиком характеристики и цена (OWNER_REPORTED)","независимое подтверждение значения",SUPPLIER_DECLARED
SRC-P-002-08,P-002,https://souzcvettorg.ru/,2026-09-08,OWN_CATALOG,"заявленные самим поставщиком характеристики и цена (OWNER_REPORTED)","независимое подтверждение значения",SUPPLIER_DECLARED
SRC-P-002-09,P-002,https://souzcvettorg.ru/robots.txt,2026-09-08,OWN_CATALOG,"заявленные самим поставщиком характеристики и цена (OWNER_REPORTED)","независимое подтверждение значения",SUPPLIER_DECLARED
SRC-P-002-10,P-002,https://rdap.org/domain/souzcvettorg.ru,2026-09-08,EXTERNAL_PUBLICATION,"M_TRUSTED_EXTERNAL_MENTIONS: факт упоминания участника на сторонней площадке","независимое подтверждение технических характеристик, цены и гарантии",DISCOVERED
SRC-P-003-01,P-003,https://souzcvettorg.ru/flowers/buket-siyanie-nebes,2026-09-08,OWN_CATALOG,"заявленные самим поставщиком характеристики и цена (OWNER_REPORTED)","независимое подтверждение значения",SUPPLIER_DECLARED
SRC-P-003-02,P-003,https://vc.ru/life/2991247-kak-vybrat-buket-s-dostavkoy-v-moskve,2026-09-08,EXTERNAL_PUBLICATION,"M_TRUSTED_EXTERNAL_MENTIONS: факт упоминания участника на сторонней площадке","независимое подтверждение технических характеристик, цены и гарантии",DISCOVERED
SRC-P-003-03,P-003,https://souzcvettorg.ru/about/dostavka-i-oplata/,2026-09-08,OWN_CATALOG,"заявленные самим поставщиком характеристики и цена (OWNER_REPORTED)","независимое подтверждение значения",SUPPLIER_DECLARED
SRC-P-003-04,P-003,https://souzcvettorg.ru/about/garantii/,2026-09-08,OWN_CATALOG,"заявленные самим поставщиком характеристики и цена (OWNER_REPORTED)","независимое подтверждение значения",SUPPLIER_DECLARED
SRC-P-003-05,P-003,https://vc.ru/offline/2983215-bukety-iz-tyulpanov-dlya-podarkov,2026-09-08,EXTERNAL_PUBLICATION,"M_TRUSTED_EXTERNAL_MENTIONS: факт упоминания участника на сторонней площадке","независимое подтверждение технических характеристик, цены и гарантии",DISCOVERED
SRC-P-003-06,P-003,https://souzcvettorg.ru/about/shop/,2026-09-08,OWN_CATALOG,"заявленные самим поставщиком характеристики и цена (OWNER_REPORTED)","независимое подтверждение значения",SUPPLIER_DECLARED
SRC-P-003-07,P-003,https://souzcvettorg.ru/about/review/,2026-09-08,OWN_CATALOG,"заявленные самим поставщиком характеристики и цена (OWNER_REPORTED)","независимое подтверждение значения",SUPPLIER_DECLARED
SRC-P-003-08,P-003,https://souzcvettorg.ru/,2026-09-08,OWN_CATALOG,"заявленные самим поставщиком характеристики и цена (OWNER_REPORTED)","независимое подтверждение значения",SUPPLIER_DECLARED
SRC-P-003-09,P-003,https://souzcvettorg.ru/robots.txt,2026-09-08,OWN_CATALOG,"заявленные самим поставщиком характеристики и цена (OWNER_REPORTED)","независимое подтверждение значения",SUPPLIER_DECLARED
SRC-P-003-10,P-003,https://rdap.org/domain/souzcvettorg.ru,2026-09-08,EXTERNAL_PUBLICATION,"M_TRUSTED_EXTERNAL_MENTIONS: факт упоминания участника на сторонней площадке","независимое подтверждение технических характеристик, цены и гарантии",DISCOVERED
SRC-P-004-01,P-004,https://flowwow.com/flowers/buket-19-kustovyh-roz-moey-mil/,2026-09-08,OWN_CATALOG,"заявленные самим поставщиком характеристики и цена (OWNER_REPORTED)","независимое подтверждение значения",SUPPLIER_DECLARED
SRC-P-005-01,P-005,https://msk.novayagollandiya.com/catalog/tyulpany/25-krasnykh-tyulpanov/,2026-09-08,OWN_CATALOG,"заявленные самим поставщиком характеристики и цена (OWNER_REPORTED)","независимое подтверждение значения",SUPPLIER_DECLARED
SRC-P-006-01,P-006,https://www.roza4u.ru/gortenzii/bukety-gortenzij-s-rozami,2026-09-08,OWN_CATALOG,"заявленные самим поставщиком характеристики и цена (OWNER_REPORTED)","независимое подтверждение значения",SUPPLIER_DECLARED